{
  "p_lock_d": 20000,
  "m_lock_rate": 50,
  "mc_10": 340,
  "s_floors": 1,
  "dep_str_amt": 2000,
  "md_e70": 7500,
  "m3_free": 170,
  "l_acc_s": 300,
  "l_ceo_n": 1,
  "op_supp": 800,
  "s_rup": 3.0,
  "pro_cnt": 6,
  "s_acq": 70.0,
  "p3m_ff": 850000,
  "pc20": 430000,
  "op_etc": 150,
  "p1m_am": 290000,
  "p3m_mm": 670000,
  "s_ashare": 40,
  "s_ainv": 15000,
  "ramp_8": 70,
  "op_water": 929,
  "m6_all": 30,
  "l_adm_n": 1,
  "op_out": 3387,
  "s_raff": 2,
  "p1m_af": 260000,
  "main_nav": "대시보드",
  "s_hours": 17,
  "s_tax_up": 5.0,
  "pd_w70": 23000,
  "s_util": 2.1999999999999997,
  "s_ins": 9.6,
  "m1_mor": 70,
  "ramp_4": 65,
  "s_growth": 2.0,
  "op_card": 2.0,
  "m_lock_tot": 600,
  "m6_free": 15,
  "pd_e70": 26000,
  "l_acc_n": 1,
  "l_desk_n": 4,
  "s_taxr": 22.0,
  "pd_e90": 32000,
  "l_adm_s": 476,
  "p6m_am": 1580000,
  "p1m_mm": 250000,
  "pd_w90": 29000,
  "ramp_7": 55,
  "m3_mor": 170,
  "l_ceo_s": 650,
  "md_w90": 2500,
  "s_rshops": 5,
  "s_staff": 10,
  "p1m_fm": 330000,
  "s_adisc": 20,
  "s_bays": 88,
  "p6m_ff": 1680000,
  "md_w70": 11000,
  "s_ch_s": 10.0,
  "s_rdep": 3000,
  "pc30": 590000,
  "l_desk_s": 250,
  "ramp_6": 60,
  "s_ch_w": 8.0,
  "s_sup_up": 2.0,
  "p6m_af": 1370000,
  "s_elec": 5.6000000000000005,
  "s_mkt_up": 5.0,
  "op_maint": 300,
  "m1_all": 130,
  "p3m_fm": 930000,
  "s_out_up": 3.0,
  "p3m_am": 800000,
  "p1m_mf": 230000,
  "pc10": 220000,
  "s_rext": 250,
  "p1m_ff": 300000,
  "op_tax": 5340,
  "ramp_0": 25,
  "s_ch_p": 5.0,
  "pro_rent": 70,
  "mc_30": 220,
  "s_useful": 5,
  "m3_all": 350,
  "l_fac_s": 416,
  "s_disc": 8,
  "l_fac_n": 3,
  "ramp_2": 40,
  "s_refund": 5.5,
  "p3m_mf": 630000,
  "ramp_3": 55,
  "s_area": 800,
  "ramp_5": 70,
  "ramp_1": 35,
  "m1_free": 60,
  "s_inv": 17,
  "p6m_mm": 1400000,
  "s_days": 365,
  "op_mkt": 150,
  "s_arevs": 10,
  "op_elec": 1070,
  "s_lab_up": 3.0,
  "p6m_fm": 1770000,
  "mc_20": 560,
  "p3m_af": 700000,
  "md_e90": 2430,
  "p6m_mf": 1220000,
  "p_locker": 20000,
  "m6_mor": 15,
  "dep_dec_amt": 63600,
  "op_insur": 5
}